cohortId,atlasId,cohortName
423,423,dyleepsychotic_disorder
1745,1745,dyleemania_mph
1747,1747,dyleetic_disorder_mph
1748,1748,dyleesleep_disorder_mph
1749,1749,dyleesubstance_use_disorder_mph
1755,1755,dyleemovement_disorder_mph
1756,1756,dyleeparkinsonism_mph
1757,1757,dylee_tremor_mph
1759,1759,dyleecardiovascular_problems_mph
1760,1760,dylee_hypertension_mph
1761,1761,dylee_Arrhythmia_mph
1765,1765,dylee_traumatic_injury_mph
1766,1766,dylee_ADHD_hospitalization_mph
1739,1739,dylee_MPH_prediction
1740,1740,dylee_MPH_prediction_child_and_adolescent
1741,1741,dylee_MPH_prediction_adult
1742,1742,dylee_MPH_prediction_female
1743,1743,dylee_MPH_prediction_male
